"name","run","status","ms"
"main.geetest_register","1","200","888.5"
"main.geetest_register","2","200","20"
"main.geetest_register","3","200","22.8"
"main.geetest_register","4","200","20"
"main.geetest_register","5","200","20.7"
"netdisk.dashboard_summary","1","200","108.2"
"netdisk.dashboard_summary","2","200","80.3"
"netdisk.dashboard_summary","3","200","86"
"netdisk.dashboard_summary","4","200","86"
"netdisk.dashboard_summary","5","200","88.9"
"netdisk.login_logs","1","200","178.4"
"netdisk.login_logs","2","200","154.9"
"netdisk.login_logs","3","200","151.2"
"netdisk.login_logs","4","200","153.2"
"netdisk.login_logs","5","200","150.3"
"judian.dashboard_summary","1","200","279.3"
"judian.dashboard_summary","2","200","102.6"
"judian.dashboard_summary","3","200","101.7"
"judian.dashboard_summary","4","200","104.9"
"judian.dashboard_summary","5","200","104.3"
